features;accuracy;timeTraining;timeTesting
0;77.69607843137256;0.0014057159423828125;0.002084493637084961
1;77.69607843137256;0.003238677978515625;0.002674102783203125
2;77.69607843137256;0.0020606517791748047;0.002747058868408203
3;77.69607843137256;0.0023941993713378906;0.0030851364135742188
4;77.69607843137256;0.002510547637939453;0.0034868717193603516
5;77.69607843137256;0.0032320022583007812;0.0037212371826171875
6;77.69607843137256;0.0036563873291015625;0.003821134567260742
7;77.69607843137256;0.003818511962890625;0.004102468490600586
8;71.07843137254902;0.004168510437011719;0.004480838775634766
9;72.54901960784314;0.004601955413818359;0.004697561264038086
10;67.6470588235294;0.004556179046630859;0.0046787261962890625
11;66.17647058823529;0.004621744155883789;0.005113840103149414
12;67.40196078431373;0.005122661590576172;0.005042314529418945
13;66.42156862745098;0.005419492721557617;0.005309343338012695
14;68.38235294117646;0.0056989192962646484;0.005286216735839844
15;67.8921568627451;0.005766630172729492;0.005523681640625
16;70.34313725490196;0.006039142608642578;0.0057332515716552734
17;70.34313725490196;0.02731919288635254;0.00577855110168457
18;70.58823529411765;0.006826162338256836;0.006232261657714844
19;70.34313725490196;0.007802248001098633;0.006268739700317383
20;70.58823529411765;0.006211757659912109;0.005926609039306641
21;68.13725490196079;0.006396055221557617;0.008753776550292969
22;68.62745098039215;0.00576472282409668;0.006036520004272461
23;68.62745098039215;0.0067670345306396484;0.00607609748840332
24;68.38235294117646;0.006574392318725586;0.005951642990112305
25;67.6470588235294;0.02924513816833496;0.006337404251098633
26;67.6470588235294;0.006053924560546875;0.005761861801147461
27;67.6470588235294;0.006064891815185547;0.006083488464355469
28;67.40196078431373;0.006920814514160156;0.006171226501464844
29;67.6470588235294;0.006789684295654297;0.006264925003051758
30;68.87254901960785;0.0066928863525390625;0.006574869155883789
31;67.6470588235294;0.00657200813293457;0.0066623687744140625
32;68.13725490196079;0.006712436676025391;0.006909370422363281
33;67.8921568627451;0.02756214141845703;0.00682830810546875
34;67.6470588235294;0.007035493850708008;0.00719904899597168
35;67.15686274509804;0.0070323944091796875;0.007169961929321289
36;67.15686274509804;0.007239818572998047;0.007252931594848633
37;66.91176470588235;0.00696563720703125;0.007338285446166992
38;66.17647058823529;0.006990671157836914;0.00779414176940918
39;67.40196078431373;0.00720524787902832;0.007261753082275391
40;66.66666666666667;0.007166147232055664;0.007353305816650391
41;66.42156862745098;0.0073664188385009766;0.007216691970825195
42;67.15686274509804;0.007039546966552734;0.007289409637451172
43;67.15686274509804;0.0071828365325927734;0.007682085037231445
44;67.15686274509804;0.006838560104370117;0.007568359375
45;67.6470588235294;0.007078409194946289;0.007524728775024414
46;67.40196078431373;0.0073735713958740234;0.008151769638061523
47;67.15686274509804;0.0075190067291259766;0.007991790771484375
48;67.15686274509804;0.007916688919067383;0.00803828239440918
49;67.6470588235294;0.0076503753662109375;0.008191347122192383
50;66.66666666666667;0.007417201995849609;0.008104085922241211
51;65.93137254901961;0.007534980773925781;0.008696317672729492
52;65.93137254901961;0.007513523101806641;0.008450508117675781
53;65.93137254901961;0.007792472839355469;0.008360147476196289
54;66.17647058823529;0.008093595504760742;0.008935213088989258
55;65.68627450980392;0.008211612701416016;0.008445978164672852
56;66.17647058823529;0.008054256439208984;0.008643627166748047
57;66.66666666666667;0.007998228073120117;0.008583545684814453
58;66.66666666666667;0.007750272750854492;0.008608818054199219
59;66.42156862745098;0.008067846298217773;0.008954048156738281
60;66.17647058823529;0.007807493209838867;0.008671045303344727
61;66.17647058823529;0.00822901725769043;0.008115768432617188
62;66.42156862745098;0.009734630584716797;0.008770227432250977
63;66.66666666666667;0.008239984512329102;0.00859212875366211
64;66.66666666666667;0.008484125137329102;0.009289979934692383
65;66.42156862745098;0.008429527282714844;0.009164571762084961
66;65.68627450980392;0.008431434631347656;0.009726524353027344
67;65.68627450980392;0.008713006973266602;0.009465217590332031
68;66.17647058823529;0.008489131927490234;0.009475469589233398
69;65.93137254901961;0.008614540100097656;0.009840250015258789
70;65.68627450980392;0.008440732955932617;0.009772062301635742
71;66.17647058823529;0.009011030197143555;0.009722471237182617
72;66.66666666666667;0.00870966911315918;0.009433984756469727
73;66.66666666666667;0.008650064468383789;0.009016752243041992
74;66.17647058823529;0.008819341659545898;0.009914159774780273
75;66.17647058823529;0.009052038192749023;0.01008462905883789
76;66.42156862745098;0.009912490844726562;0.010336637496948242
77;67.15686274509804;0.009198665618896484;0.010255813598632812
78;67.15686274509804;0.009106636047363281;0.010833263397216797
79;67.15686274509804;0.009059429168701172;0.010258197784423828
80;67.15686274509804;0.009534597396850586;0.010000944137573242
81;66.91176470588235;0.009170293807983398;0.010428905487060547
82;66.91176470588235;0.009821176528930664;0.010335445404052734
83;66.42156862745098;0.009067296981811523;0.010536432266235352
84;67.40196078431373;0.00936436653137207;0.010602712631225586
85;66.91176470588235;0.009244441986083984;0.01117396354675293
86;67.8921568627451;0.009060382843017578;0.010996580123901367
87;68.13725490196079;0.009519577026367188;0.011069297790527344
88;68.13725490196079;0.009469032287597656;0.01075291633605957
89;68.38235294117646;0.009509801864624023;0.011006593704223633
90;67.8921568627451;0.010094165802001953;0.01181936264038086
91;67.8921568627451;0.00946950912475586;0.011311769485473633
92;68.13725490196079;0.009998321533203125;0.01173090934753418
93;68.13725490196079;0.01024770736694336;0.011652708053588867
94;67.15686274509804;0.010127782821655273;0.011644840240478516
95;67.40196078431373;0.01057291030883789;0.011554241180419922
96;67.6470588235294;0.01037287712097168;0.011494636535644531
97;68.62745098039215;0.010781049728393555;0.01184391975402832
98;68.38235294117646;0.010229825973510742;0.011745691299438477
99;68.38235294117646;0.010673284530639648;0.012004852294921875
100;68.13725490196079;0.010724782943725586;0.01212167739868164
101;68.13725490196079;0.010979890823364258;0.011645793914794922
102;68.13725490196079;0.010470867156982422;0.011811971664428711
103;68.13725490196079;0.011531829833984375;0.012363672256469727
104;67.8921568627451;0.011254310607910156;0.01224374771118164
105;67.6470588235294;0.011152267456054688;0.01236724853515625
106;67.6470588235294;0.010879755020141602;0.012691497802734375
107;67.6470588235294;0.011013507843017578;0.012512922286987305
108;67.6470588235294;0.011372089385986328;0.012487173080444336
109;68.13725490196079;0.011407136917114258;0.01271367073059082
110;68.38235294117646;0.011062383651733398;0.012747049331665039
111;68.38235294117646;0.011430740356445312;0.012918233871459961
112;68.13725490196079;0.011652469635009766;0.013413190841674805
113;68.13725490196079;0.011624336242675781;0.012763500213623047
114;68.13725490196079;0.011252880096435547;0.01309657096862793
115;68.13725490196079;0.011552810668945312;0.013010025024414062
116;67.6470588235294;0.011335611343383789;0.013275861740112305
117;67.6470588235294;0.011626243591308594;0.01310586929321289
118;67.6470588235294;0.011382579803466797;0.013641119003295898
119;67.6470588235294;0.012079954147338867;0.013498783111572266
120;67.6470588235294;0.011656761169433594;0.013296842575073242
121;67.15686274509804;0.013007164001464844;0.016942262649536133
122;67.15686274509804;0.01214289665222168;0.013847589492797852
123;67.15686274509804;0.011779546737670898;0.013481855392456055
124;67.6470588235294;0.012488126754760742;0.013856172561645508
125;67.40196078431373;0.013175249099731445;0.014027833938598633
126;67.40196078431373;0.012248992919921875;0.014094829559326172
127;66.91176470588235;0.012235641479492188;0.013718128204345703
128;67.40196078431373;0.012241840362548828;0.01380157470703125
129;66.91176470588235;0.012486934661865234;0.013409137725830078
130;67.6470588235294;0.013030290603637695;0.014873981475830078
131;67.6470588235294;0.013486862182617188;0.014764785766601562
132;67.6470588235294;0.01332712173461914;0.01488351821899414
133;67.15686274509804;0.012985706329345703;0.013727426528930664
134;69.11764705882354;0.012436389923095703;0.014225244522094727
135;68.87254901960785;0.012823820114135742;0.014231443405151367
136;67.8921568627451;0.012999773025512695;0.015542984008789062
137;67.8921568627451;0.01331782341003418;0.014396905899047852
138;67.8921568627451;0.01282358169555664;0.014620304107666016
139;68.13725490196079;0.012293815612792969;0.013845682144165039
140;68.13725490196079;0.013630390167236328;0.014866352081298828
141;68.38235294117646;0.013388872146606445;0.01522374153137207
142;68.38235294117646;0.014121055603027344;0.015334367752075195
143;68.62745098039215;0.01349782943725586;0.015304088592529297
144;68.62745098039215;0.013571023941040039;0.015558242797851562
145;68.38235294117646;0.013707876205444336;0.015342950820922852
146;68.13725490196079;0.013798713684082031;0.015447139739990234
147;67.6470588235294;0.013902902603149414;0.015761613845825195
148;67.6470588235294;0.013538599014282227;0.015423297882080078
149;68.13725490196079;0.013920068740844727;0.01569390296936035
150;68.13725490196079;0.014096975326538086;0.015677690505981445
151;68.13725490196079;0.013983964920043945;0.01584625244140625
152;68.13725490196079;0.017157316207885742;0.018639564514160156
153;68.38235294117646;0.013545989990234375;0.015858888626098633
154;68.13725490196079;0.013776540756225586;0.016008615493774414
155;68.13725490196079;0.014112710952758789;0.0159604549407959
156;68.13725490196079;0.014116287231445312;0.015973329544067383
157;68.13725490196079;0.014238834381103516;0.01630854606628418
158;68.13725490196079;0.014394760131835938;0.0162045955657959
159;68.62745098039215;0.014159202575683594;0.015912532806396484
160;68.62745098039215;0.014291524887084961;0.016008615493774414
161;68.38235294117646;0.014364004135131836;0.01616358757019043
162;68.38235294117646;0.014428138732910156;0.016407489776611328
163;68.38235294117646;0.014646291732788086;0.016175270080566406
164;68.38235294117646;0.0146484375;0.01616525650024414
165;68.62745098039215;0.014361858367919922;0.0161588191986084
166;68.62745098039215;0.014992237091064453;0.016258716583251953
167;68.62745098039215;0.014333486557006836;0.01588153839111328
168;67.8921568627451;0.014466524124145508;0.01625204086303711
169;67.8921568627451;0.014991521835327148;0.01685357093811035
170;67.8921568627451;0.01456308364868164;0.016567230224609375
171;68.38235294117646;0.014937400817871094;0.01696944236755371
172;68.87254901960785;0.015340566635131836;0.016793012619018555
173;69.11764705882354;0.014601707458496094;0.016217708587646484
174;69.11764705882354;0.014490842819213867;0.016038179397583008
175;69.11764705882354;0.014803647994995117;0.016638517379760742
176;68.62745098039215;0.015144586563110352;0.01684713363647461
177;68.62745098039215;0.015467643737792969;0.01670217514038086
178;68.62745098039215;0.015040159225463867;0.01666092872619629
179;69.36274509803921;0.01533055305480957;0.016810178756713867
180;68.87254901960785;0.015516519546508789;0.016951560974121094
181;68.87254901960785;0.015035152435302734;0.017351627349853516
182;69.11764705882354;0.014899969100952148;0.016862154006958008
183;68.62745098039215;0.01522207260131836;0.016602277755737305
184;68.62745098039215;0.015292882919311523;0.016801118850708008
185;68.87254901960785;0.015956640243530273;0.01683950424194336
186;68.87254901960785;0.015542268753051758;0.016959428787231445
187;68.87254901960785;0.01512289047241211;0.01667046546936035
188;69.11764705882354;0.015856027603149414;0.017249584197998047
189;69.11764705882354;0.016811609268188477;0.01714801788330078
190;69.6078431372549;0.016022920608520508;0.01727604866027832
191;69.6078431372549;0.016231775283813477;0.017472267150878906
192;69.6078431372549;0.015975475311279297;0.017268657684326172
193;69.36274509803921;0.016031980514526367;0.017580747604370117
194;69.6078431372549;0.01606607437133789;0.0175020694732666
195;69.6078431372549;0.016318321228027344;0.01801133155822754
196;69.6078431372549;0.016138076782226562;0.018075942993164062
197;69.6078431372549;0.01626420021057129;0.017431259155273438
198;69.6078431372549;0.01619553565979004;0.018205881118774414
199;69.36274509803921;0.016350507736206055;0.01796865463256836
200;69.11764705882354;0.016622543334960938;0.017665386199951172
201;69.11764705882354;0.016402482986450195;0.01902627944946289
202;69.11764705882354;0.016045570373535156;0.0179746150970459
203;69.11764705882354;0.016482830047607422;0.0176851749420166
204;69.36274509803921;0.01620793342590332;0.017214059829711914
205;69.36274509803921;0.017426013946533203;0.018442869186401367
206;69.36274509803921;0.017070531845092773;0.018312454223632812
207;69.36274509803921;0.016852378845214844;0.019063234329223633
208;69.36274509803921;0.016742229461669922;0.018644332885742188
209;69.11764705882354;0.017281055450439453;0.01837944984436035
210;69.6078431372549;0.016689300537109375;0.018398761749267578
211;69.6078431372549;0.017522811889648438;0.018483877182006836
212;69.36274509803921;0.017144441604614258;0.018384218215942383
213;69.36274509803921;0.01750349998474121;0.018549442291259766
214;69.36274509803921;0.01662921905517578;0.018265247344970703
215;69.36274509803921;0.01692962646484375;0.018535137176513672
216;69.36274509803921;0.017653465270996094;0.01880025863647461
217;69.36274509803921;0.017852067947387695;0.018815279006958008
218;69.6078431372549;0.017401695251464844;0.01925349235534668
219;69.8529411764706;0.017151594161987305;0.018647432327270508
220;69.8529411764706;0.01733541488647461;0.01907062530517578
221;69.8529411764706;0.017715930938720703;0.019298553466796875
222;69.36274509803921;0.017421722412109375;0.018933534622192383
223;69.36274509803921;0.01805281639099121;0.019572019577026367
224;69.36274509803921;0.017574071884155273;0.018924236297607422
225;69.8529411764706;0.018361806869506836;0.01944565773010254
226;69.8529411764706;0.018181800842285156;0.019498109817504883
227;69.8529411764706;0.01839423179626465;0.01964282989501953
228;69.8529411764706;0.018473386764526367;0.020123004913330078
229;69.6078431372549;0.017644882202148438;0.019867420196533203
230;69.8529411764706;0.01791691780090332;0.019616127014160156
231;69.8529411764706;0.017452478408813477;0.019134998321533203
232;69.8529411764706;0.017824411392211914;0.019716501235961914
233;69.8529411764706;0.01788806915283203;0.01940608024597168
234;70.58823529411765;0.01792120933532715;0.01907825469970703
235;70.58823529411765;0.01803445816040039;0.019783973693847656
236;70.34313725490196;0.018793106079101562;0.019899606704711914
237;69.8529411764706;0.01925039291381836;0.020407438278198242
238;69.6078431372549;0.018837451934814453;0.020215272903442383
239;69.6078431372549;0.01948070526123047;0.020588397979736328
240;69.6078431372549;0.019060850143432617;0.020685434341430664
241;69.6078431372549;0.018692970275878906;0.020265817642211914
242;69.6078431372549;0.019772052764892578;0.020486116409301758
243;69.6078431372549;0.01997685432434082;0.021038055419921875
244;69.6078431372549;0.019744873046875;0.02066206932067871
245;69.6078431372549;0.01916813850402832;0.020713090896606445
246;69.6078431372549;0.018557310104370117;0.020406484603881836
247;69.6078431372549;0.02028179168701172;0.02112746238708496
248;69.6078431372549;0.020156145095825195;0.02102971076965332
249;69.6078431372549;0.019538164138793945;0.02069544792175293
250;69.36274509803921;0.019607067108154297;0.020646095275878906
251;69.6078431372549;0.019587993621826172;0.020982742309570312
252;69.8529411764706;0.020221710205078125;0.02057027816772461
253;69.8529411764706;0.019659757614135742;0.02097034454345703
254;70.09803921568627;0.019243717193603516;0.021004676818847656
255;69.6078431372549;0.019559860229492188;0.021051645278930664
256;69.6078431372549;0.020537853240966797;0.02117013931274414
257;69.6078431372549;0.01992940902709961;0.021552562713623047
258;69.6078431372549;0.02013230323791504;0.021321773529052734
259;69.6078431372549;0.019885540008544922;0.021091222763061523
260;69.6078431372549;0.02068185806274414;0.021448373794555664
261;69.6078431372549;0.020210742950439453;0.029912710189819336
262;70.09803921568627;0.020674705505371094;0.021605968475341797
263;69.8529411764706;0.020662307739257812;0.02138972282409668
264;69.8529411764706;0.020316123962402344;0.021539926528930664
265;70.34313725490196;0.02070140838623047;0.021638870239257812
266;70.58823529411765;0.020681142807006836;0.022404909133911133
267;70.58823529411765;0.020314931869506836;0.02200627326965332
268;70.58823529411765;0.021124839782714844;0.02206587791442871
269;70.58823529411765;0.02073812484741211;0.02178955078125
270;70.09803921568627;0.02101421356201172;0.022423505783081055
271;70.09803921568627;0.02093029022216797;0.022394895553588867
272;70.09803921568627;0.02076578140258789;0.021994829177856445
273;69.6078431372549;0.02082204818725586;0.02153301239013672
274;69.8529411764706;0.020725488662719727;0.02144455909729004
275;69.6078431372549;0.02095317840576172;0.022126197814941406
276;69.8529411764706;0.021009445190429688;0.022237539291381836
277;69.8529411764706;0.020932912826538086;0.022069692611694336
278;69.8529411764706;0.020115375518798828;0.021641254425048828
279;69.8529411764706;0.021771669387817383;0.021996498107910156
280;69.8529411764706;0.020601987838745117;0.02223515510559082
281;69.6078431372549;0.020847797393798828;0.02161574363708496
282;69.6078431372549;0.02076864242553711;0.021439075469970703
283;69.8529411764706;0.021813631057739258;0.02273845672607422
284;69.8529411764706;0.021195650100708008;0.02219247817993164
285;69.8529411764706;0.021292924880981445;0.022841930389404297
286;69.8529411764706;0.02133464813232422;0.022563457489013672
287;69.6078431372549;0.02141427993774414;0.022546052932739258
288;69.6078431372549;0.021145343780517578;0.022980690002441406
289;69.6078431372549;0.021465778350830078;0.022820711135864258
290;69.6078431372549;0.02089691162109375;0.022072792053222656
291;69.6078431372549;0.0207521915435791;0.0227353572845459
292;69.6078431372549;0.021773576736450195;0.02264237403869629
293;69.6078431372549;0.021522998809814453;0.02255702018737793
294;69.6078431372549;0.02156829833984375;0.02297043800354004
295;69.6078431372549;0.021740436553955078;0.022958040237426758
296;69.6078431372549;0.031167030334472656;0.024845123291015625
297;69.6078431372549;0.021988868713378906;0.02353644371032715
298;69.6078431372549;0.02216958999633789;0.02357196807861328
299;69.6078431372549;0.022227764129638672;0.022866487503051758
300;69.6078431372549;0.0216066837310791;0.023696184158325195
301;69.11764705882354;0.021563291549682617;0.023005247116088867
302;69.11764705882354;0.02240300178527832;0.02335500717163086
303;69.36274509803921;0.022330760955810547;0.022971153259277344
304;69.36274509803921;0.021970510482788086;0.02361774444580078
305;69.36274509803921;0.0219113826751709;0.023311614990234375
306;69.36274509803921;0.02218341827392578;0.02372574806213379
307;69.36274509803921;0.0228424072265625;0.023822307586669922
308;69.36274509803921;0.021501779556274414;0.023832321166992188
309;69.36274509803921;0.022346973419189453;0.02430558204650879
310;69.36274509803921;0.021918535232543945;0.023912429809570312
311;69.36274509803921;0.02229475975036621;0.024265766143798828
312;69.6078431372549;0.02192091941833496;0.023524999618530273
313;69.6078431372549;0.0219268798828125;0.02417302131652832
314;69.8529411764706;0.022577285766601562;0.02400803565979004
315;69.8529411764706;0.022386550903320312;0.023899555206298828
316;69.8529411764706;0.022637605667114258;0.024158000946044922
317;69.8529411764706;0.021848201751708984;0.02398538589477539
318;69.8529411764706;0.02232956886291504;0.023883342742919922
319;69.8529411764706;0.022273540496826172;0.02465033531188965
320;69.6078431372549;0.023426532745361328;0.02470707893371582
321;69.6078431372549;0.023212194442749023;0.02444934844970703
322;69.8529411764706;0.02225184440612793;0.023870229721069336
323;69.6078431372549;0.02353048324584961;0.02436995506286621
324;69.8529411764706;0.02286505699157715;0.024168729782104492
325;69.8529411764706;0.023295879364013672;0.024646997451782227
326;69.6078431372549;0.023342370986938477;0.024607419967651367
327;69.6078431372549;0.0232696533203125;0.024883270263671875
328;69.6078431372549;0.022892236709594727;0.024303197860717773
329;69.6078431372549;0.023322582244873047;0.024722576141357422
330;69.8529411764706;0.024019241333007812;0.0251619815826416
331;69.8529411764706;0.02359175682067871;0.02439260482788086
332;69.8529411764706;0.02298426628112793;0.024379730224609375
333;69.8529411764706;0.02306365966796875;0.024622678756713867
334;70.09803921568627;0.023924827575683594;0.024715662002563477
335;70.09803921568627;0.0239865779876709;0.02503657341003418
336;70.09803921568627;0.023651599884033203;0.025411367416381836
337;70.09803921568627;0.023746013641357422;0.025032758712768555
338;70.09803921568627;0.023378610610961914;0.025565624237060547
339;70.09803921568627;0.023819923400878906;0.025068998336791992
340;70.09803921568627;0.023748397827148438;0.024966001510620117
341;70.09803921568627;0.023212194442749023;0.02501821517944336
342;70.34313725490196;0.02344369888305664;0.024999618530273438
343;70.34313725490196;0.023845672607421875;0.02499866485595703
344;70.34313725490196;0.02467632293701172;0.02595210075378418
345;70.34313725490196;0.023911714553833008;0.025335073471069336
346;70.09803921568627;0.024702787399291992;0.025931596755981445
347;70.09803921568627;0.02358245849609375;0.02543163299560547
348;70.09803921568627;0.023893356323242188;0.02591109275817871
349;70.34313725490196;0.02360844612121582;0.025321483612060547
350;70.09803921568627;0.024217844009399414;0.025334596633911133
351;70.34313725490196;0.024194002151489258;0.025200843811035156
352;70.34313725490196;0.02374720573425293;0.025318145751953125
353;70.34313725490196;0.024285078048706055;0.02568364143371582
354;70.58823529411765;0.023877382278442383;0.025605440139770508
355;70.34313725490196;0.024210691452026367;0.026021718978881836
356;70.34313725490196;0.024395465850830078;0.026372909545898438
357;70.34313725490196;0.02482128143310547;0.026561260223388672
358;70.34313725490196;0.024960756301879883;0.026955842971801758
359;70.34313725490196;0.024356365203857422;0.026322603225708008
360;69.8529411764706;0.026110410690307617;0.026866674423217773
361;69.8529411764706;0.02526688575744629;0.027054548263549805
362;70.09803921568627;0.025876522064208984;0.0261688232421875
363;70.09803921568627;0.02554035186767578;0.027039527893066406
364;70.09803921568627;0.025162458419799805;0.02689218521118164
365;70.09803921568627;0.02453899383544922;0.026508092880249023
366;70.09803921568627;0.025183677673339844;0.026942729949951172
367;70.34313725490196;0.025458335876464844;0.027701616287231445
368;70.34313725490196;0.02569723129272461;0.027733564376831055
369;70.34313725490196;0.025911808013916016;0.027553319931030273
370;70.34313725490196;0.024785518646240234;0.02794671058654785
371;70.34313725490196;0.0246121883392334;0.02789926528930664
372;70.34313725490196;0.025592803955078125;0.02740645408630371
373;70.34313725490196;0.024718046188354492;0.027511119842529297
374;70.34313725490196;0.06685137748718262;0.057550907135009766
375;70.34313725490196;0.0332639217376709;0.04565691947937012
376;69.8529411764706;0.025429487228393555;0.027302265167236328
377;69.8529411764706;0.025362491607666016;0.02744317054748535
378;70.34313725490196;0.0255892276763916;0.0276641845703125
379;69.8529411764706;0.025744199752807617;0.027727603912353516
380;69.8529411764706;0.026208162307739258;0.02718043327331543
381;70.34313725490196;0.026514291763305664;0.026996374130249023
382;70.34313725490196;0.02618885040283203;0.027552127838134766
383;70.34313725490196;0.025749921798706055;0.027115345001220703
384;70.34313725490196;0.02548813819885254;0.027808427810668945
385;70.58823529411765;0.02759242057800293;0.027541399002075195
386;70.58823529411765;0.026004314422607422;0.027369976043701172
387;70.58823529411765;0.0273897647857666;0.02774667739868164
388;70.58823529411765;0.026258468627929688;0.028028488159179688
389;70.58823529411765;0.026142597198486328;0.027897119522094727
390;70.58823529411765;0.025600433349609375;0.02701568603515625
391;70.34313725490196;0.026476621627807617;0.02733325958251953
392;70.34313725490196;0.02652287483215332;0.027872800827026367
393;70.34313725490196;0.027498960494995117;0.02926945686340332
394;70.34313725490196;0.027332067489624023;0.02790975570678711
395;70.09803921568627;0.026948213577270508;0.027959108352661133
396;70.09803921568627;0.02560877799987793;0.028086185455322266
397;70.34313725490196;0.02734375;0.02754354476928711
398;70.09803921568627;0.027289152145385742;0.028754711151123047
399;70.09803921568627;0.026414155960083008;0.028865337371826172
400;70.09803921568627;0.02631354331970215;0.028035879135131836
401;70.09803921568627;0.02610325813293457;0.02774643898010254
402;70.34313725490196;0.03287100791931152;0.040630340576171875
403;70.34313725490196;0.026300907135009766;0.028179407119750977
404;70.34313725490196;0.027632474899291992;0.02764272689819336
405;70.34313725490196;0.026335716247558594;0.02806830406188965
406;70.34313725490196;0.026081323623657227;0.027821063995361328
407;70.34313725490196;0.026350021362304688;0.02821207046508789
408;70.34313725490196;0.026532411575317383;0.027922630310058594
409;70.34313725490196;0.02673816680908203;0.027408599853515625
410;70.34313725490196;0.026142120361328125;0.02808856964111328
411;70.34313725490196;0.02611851692199707;0.02732372283935547
412;70.34313725490196;0.02622699737548828;0.02761244773864746
413;70.34313725490196;0.027383089065551758;0.027425527572631836
414;70.34313725490196;0.02739429473876953;0.027585506439208984
415;70.34313725490196;0.02586221694946289;0.02737903594970703
416;70.34313725490196;0.026949405670166016;0.02812647819519043
417;70.34313725490196;0.026243209838867188;0.027719497680664062
418;70.83333333333333;0.026283740997314453;0.02771782875061035
419;70.83333333333333;0.025884628295898438;0.030743837356567383
420;70.83333333333333;0.02606201171875;0.02863454818725586
421;70.83333333333333;0.025917768478393555;0.027721405029296875
422;70.83333333333333;0.026079177856445312;0.027797937393188477
423;70.83333333333333;0.02633953094482422;0.028501272201538086
424;71.32352941176471;0.028766632080078125;0.029036760330200195
425;71.32352941176471;0.02905416488647461;0.02908778190612793
426;71.32352941176471;0.02744269371032715;0.029204368591308594
427;71.32352941176471;0.03008413314819336;0.028519392013549805
428;71.32352941176471;0.029900550842285156;0.02858448028564453
429;71.32352941176471;0.028993844985961914;0.029297351837158203
430;71.07843137254902;0.030995607376098633;0.029636621475219727
431;71.07843137254902;0.02884697914123535;0.02889871597290039
432;71.07843137254902;0.029336214065551758;0.02978825569152832
433;71.07843137254902;0.027504444122314453;0.029318809509277344
434;71.07843137254902;0.029002666473388672;0.028755903244018555
435;71.07843137254902;0.030608654022216797;0.029813289642333984
436;71.07843137254902;0.027565479278564453;0.02931809425354004
437;71.07843137254902;0.029467344284057617;0.029410362243652344
438;71.07843137254902;0.028557538986206055;0.029195785522460938
439;71.07843137254902;0.029634714126586914;0.02980494499206543
440;71.07843137254902;0.029231548309326172;0.029721975326538086
441;71.07843137254902;0.03093242645263672;0.029268264770507812
442;71.07843137254902;0.029353857040405273;0.029302597045898438
443;71.07843137254902;0.026932477951049805;0.029457569122314453
444;70.83333333333333;0.027614355087280273;0.028972864151000977
445;70.83333333333333;0.028890132904052734;0.028868436813354492
446;70.83333333333333;0.028744935989379883;0.029300451278686523
447;70.83333333333333;0.03100132942199707;0.029553890228271484
448;70.83333333333333;0.03280782699584961;0.02894449234008789
449;70.83333333333333;0.032404184341430664;0.02950286865234375
450;70.83333333333333;0.06981873512268066;0.05550837516784668
451;70.83333333333333;0.030084609985351562;0.030220985412597656
452;70.83333333333333;0.0307919979095459;0.029704809188842773
453;70.83333333333333;0.02991938591003418;0.029918193817138672
454;70.83333333333333;0.030974864959716797;0.02998805046081543
455;71.07843137254902;0.029509782791137695;0.03005695343017578
456;71.07843137254902;0.030946969985961914;0.029773473739624023
457;71.07843137254902;0.031241416931152344;0.03004908561706543
458;71.07843137254902;0.03114604949951172;0.030213356018066406
459;70.83333333333333;0.02931976318359375;0.02973341941833496
460;70.83333333333333;0.03097248077392578;0.030027151107788086
461;70.83333333333333;0.02964496612548828;0.030960798263549805
462;70.83333333333333;0.029786109924316406;0.03076314926147461
463;70.83333333333333;0.031098127365112305;0.029778242111206055
464;70.83333333333333;0.029883861541748047;0.031258583068847656
465;70.83333333333333;0.028350830078125;0.03059530258178711
466;70.83333333333333;0.03278684616088867;0.030205249786376953
467;70.83333333333333;0.03268027305603027;0.03039383888244629
468;70.58823529411765;0.030318737030029297;0.031045198440551758
469;70.58823529411765;0.03094196319580078;0.030374526977539062
470;70.83333333333333;0.030452489852905273;0.03127002716064453
471;70.58823529411765;0.033284902572631836;0.03125619888305664
472;70.58823529411765;0.03171658515930176;0.03192758560180664
473;70.58823529411765;0.03193950653076172;0.030625104904174805
474;70.58823529411765;0.03141212463378906;0.030230045318603516
475;70.58823529411765;0.03265523910522461;0.03113698959350586
476;70.58823529411765;0.032294273376464844;0.03067946434020996
477;70.58823529411765;0.03197932243347168;0.03111410140991211
478;71.07843137254902;0.0351862907409668;0.030599355697631836
479;71.07843137254902;0.03280472755432129;0.030637264251708984
480;71.07843137254902;0.03427767753601074;0.030528783798217773
481;71.07843137254902;0.03197193145751953;0.03212118148803711
482;71.07843137254902;0.033330678939819336;0.031314849853515625
483;71.07843137254902;0.03340458869934082;0.030539512634277344
484;71.07843137254902;0.03466320037841797;0.03258252143859863
485;71.07843137254902;0.032151222229003906;0.03132033348083496
486;71.07843137254902;0.03389620780944824;0.030805587768554688
487;71.07843137254902;0.032140493392944336;0.031221389770507812
488;71.07843137254902;0.03296613693237305;0.03167867660522461
489;71.07843137254902;0.03478646278381348;0.03217291831970215
490;71.07843137254902;0.03331708908081055;0.031828880310058594
491;71.32352941176471;0.03579235076904297;0.03107595443725586
492;71.07843137254902;0.0363924503326416;0.03142809867858887
493;71.07843137254902;0.03400826454162598;0.03177642822265625
494;71.07843137254902;0.03561854362487793;0.0312042236328125
495;71.07843137254902;0.03235220909118652;0.030872344970703125
496;71.07843137254902;0.032967567443847656;0.031949520111083984
497;71.32352941176471;0.03567695617675781;0.031391143798828125
498;71.32352941176471;0.03398323059082031;0.030882596969604492
499;71.32352941176471;0.03414630889892578;0.03134441375732422
500;71.32352941176471;0.03382158279418945;0.03163957595825195
501;71.32352941176471;0.046011924743652344;0.04560136795043945
502;71.32352941176471;0.03283357620239258;0.03188776969909668
503;71.56862745098039;0.036081552505493164;0.03175163269042969
504;71.56862745098039;0.03606986999511719;0.03199195861816406
505;71.56862745098039;0.036160945892333984;0.031626224517822266
506;71.56862745098039;0.036165475845336914;0.03142666816711426
507;71.56862745098039;0.034302711486816406;0.03155016899108887
508;71.56862745098039;0.03466153144836426;0.03111100196838379
509;71.56862745098039;0.03580498695373535;0.031400442123413086
510;71.56862745098039;0.03366708755493164;0.0312502384185791
511;71.56862745098039;0.03627514839172363;0.03145599365234375
512;71.32352941176471;0.03436422348022461;0.030472278594970703
513;71.32352941176471;0.03422141075134277;0.03165912628173828
514;71.32352941176471;0.03286552429199219;0.03165149688720703
515;71.32352941176471;0.03449726104736328;0.03169441223144531
516;71.32352941176471;0.0370478630065918;0.03203701972961426
517;71.32352941176471;0.03609824180603027;0.03139972686767578
518;71.32352941176471;0.034947872161865234;0.03202247619628906
519;71.32352941176471;0.036133527755737305;0.03217148780822754
520;71.32352941176471;0.03306436538696289;0.03224778175354004
521;71.32352941176471;0.03636598587036133;0.031354665756225586
522;71.32352941176471;0.03730130195617676;0.032222747802734375
523;71.32352941176471;0.03463029861450195;0.03186488151550293
524;71.32352941176471;0.033333539962768555;0.03162813186645508
525;71.56862745098039;0.035999298095703125;0.031336307525634766
526;71.56862745098039;0.034982919692993164;0.032053470611572266
527;71.56862745098039;0.03413820266723633;0.03142261505126953
528;71.56862745098039;0.03804445266723633;0.03188300132751465
529;71.56862745098039;0.034958600997924805;0.032541513442993164
530;71.56862745098039;0.036864280700683594;0.03201651573181152
531;71.56862745098039;0.03504467010498047;0.032135725021362305
532;71.56862745098039;0.03518819808959961;0.03226661682128906
533;71.56862745098039;0.035189151763916016;0.03217482566833496
534;71.56862745098039;0.03293609619140625;0.031629323959350586
535;71.56862745098039;0.035097599029541016;0.03222298622131348
536;71.56862745098039;0.03655362129211426;0.03249669075012207
537;71.56862745098039;0.03501462936401367;0.032265424728393555
538;71.56862745098039;0.037058353424072266;0.03247880935668945
539;71.56862745098039;0.03570103645324707;0.03241086006164551
540;71.56862745098039;0.03768801689147949;0.032746315002441406
541;71.56862745098039;0.03713726997375488;0.032875776290893555
542;71.56862745098039;0.05232071876525879;0.046164512634277344
543;71.56862745098039;0.03686380386352539;0.03275465965270996
544;71.56862745098039;0.036901235580444336;0.03268027305603027
545;71.56862745098039;0.03745388984680176;0.03270459175109863
546;71.56862745098039;0.0358583927154541;0.0324404239654541
547;71.56862745098039;0.03533458709716797;0.03220820426940918
548;71.56862745098039;0.03888511657714844;0.033040761947631836
549;71.56862745098039;0.037132978439331055;0.03271627426147461
550;71.56862745098039;0.037804603576660156;0.032647132873535156
551;71.56862745098039;0.03420901298522949;0.03294038772583008
552;71.56862745098039;0.03380465507507324;0.03254985809326172
553;71.56862745098039;0.03697657585144043;0.03279709815979004
554;71.56862745098039;0.03688955307006836;0.03190183639526367
555;71.32352941176471;0.03591036796569824;0.032720088958740234
556;71.32352941176471;0.03808784484863281;0.03204202651977539
557;71.32352941176471;0.03463554382324219;0.03351879119873047
558;71.32352941176471;0.03876638412475586;0.0335540771484375
559;71.32352941176471;0.03781843185424805;0.0332028865814209
560;71.56862745098039;0.03815579414367676;0.03357648849487305
561;71.56862745098039;0.03941845893859863;0.03314018249511719
562;71.56862745098039;0.03585505485534668;0.03304791450500488
563;71.56862745098039;0.03856706619262695;0.033028602600097656
564;71.56862745098039;0.03848576545715332;0.033231258392333984
565;71.56862745098039;0.039392709732055664;0.03344893455505371
566;71.56862745098039;0.03538918495178223;0.03307318687438965
567;71.32352941176471;0.03795790672302246;0.03327012062072754
568;71.32352941176471;0.04080557823181152;0.0341489315032959
569;71.32352941176471;0.039986610412597656;0.0339663028717041
570;71.32352941176471;0.03911280632019043;0.03400588035583496
571;71.32352941176471;0.0419611930847168;0.033875226974487305
572;71.32352941176471;0.041854143142700195;0.03377866744995117
573;71.32352941176471;0.041290283203125;0.03420281410217285
574;71.32352941176471;0.0400083065032959;0.033490896224975586
575;71.32352941176471;0.039109230041503906;0.03399348258972168
576;71.32352941176471;0.041724443435668945;0.03431367874145508
577;71.32352941176471;0.03944993019104004;0.033303260803222656
578;71.81372549019608;0.039696693420410156;0.034676551818847656
579;71.81372549019608;0.03958916664123535;0.03362298011779785
580;71.56862745098039;0.038324832916259766;0.03331780433654785
581;71.56862745098039;0.03899264335632324;0.03403329849243164
582;71.56862745098039;0.039810895919799805;0.03414487838745117
583;71.56862745098039;0.03859066963195801;0.03375959396362305
584;71.56862745098039;0.0400853157043457;0.03362321853637695
585;71.56862745098039;0.038831472396850586;0.03325319290161133
586;71.56862745098039;0.039623260498046875;0.03360557556152344
587;71.56862745098039;0.0385432243347168;0.03366708755493164
588;71.56862745098039;0.03627920150756836;0.0337371826171875
589;71.56862745098039;0.03990960121154785;0.0335087776184082
590;71.56862745098039;0.03955364227294922;0.03372812271118164
591;71.56862745098039;0.03893446922302246;0.03373551368713379
592;71.56862745098039;0.03678321838378906;0.03271341323852539
593;71.56862745098039;0.03869795799255371;0.03332018852233887
594;71.56862745098039;0.040255069732666016;0.03448605537414551
595;71.56862745098039;0.04025411605834961;0.03396916389465332
596;71.56862745098039;0.03872823715209961;0.03380084037780762
597;71.56862745098039;0.03879547119140625;0.03452777862548828
598;71.56862745098039;0.03865623474121094;0.03398275375366211
599;71.56862745098039;0.04037976264953613;0.03372597694396973
600;71.56862745098039;0.03515744209289551;0.034184932708740234
601;71.56862745098039;0.04037046432495117;0.03451061248779297
602;71.56862745098039;0.03966689109802246;0.03451371192932129
603;71.56862745098039;0.040677785873413086;0.03375816345214844
604;71.56862745098039;0.040674686431884766;0.03444695472717285
605;71.56862745098039;0.04020047187805176;0.03439188003540039
606;71.56862745098039;0.04042530059814453;0.034586429595947266
607;71.56862745098039;0.0403132438659668;0.03385186195373535
608;71.56862745098039;0.038712501525878906;0.03420853614807129
609;71.56862745098039;0.04040169715881348;0.03566455841064453
610;71.56862745098039;0.037232398986816406;0.03369951248168945
611;71.56862745098039;0.03851628303527832;0.034454345703125
612;71.56862745098039;0.03621244430541992;0.033376455307006836
613;71.56862745098039;0.03690695762634277;0.034616708755493164
614;71.56862745098039;0.03947019577026367;0.03392648696899414
615;71.56862745098039;0.040921688079833984;0.034210920333862305
616;71.56862745098039;0.03788900375366211;0.03445792198181152
617;71.56862745098039;0.0372464656829834;0.03437399864196777
618;71.56862745098039;0.03992128372192383;0.03570222854614258
619;71.32352941176471;0.040615081787109375;0.034087419509887695
620;71.32352941176471;0.04048037528991699;0.03414034843444824
621;71.32352941176471;0.03934764862060547;0.03417778015136719
622;71.32352941176471;0.04074430465698242;0.03410506248474121
623;71.32352941176471;0.04133725166320801;0.03413963317871094
624;71.32352941176471;0.041412353515625;0.034452199935913086
625;71.32352941176471;0.03944540023803711;0.03415322303771973
626;71.32352941176471;0.038732290267944336;0.03415703773498535
627;71.32352941176471;0.039720773696899414;0.03429007530212402
628;71.32352941176471;0.03801918029785156;0.034407854080200195
629;71.32352941176471;0.03969430923461914;0.03466796875
630;71.56862745098039;0.0403141975402832;0.03493857383728027
631;71.56862745098039;0.04136347770690918;0.03486776351928711
632;71.81372549019608;0.0397489070892334;0.034934282302856445
633;71.81372549019608;0.039947509765625;0.03489828109741211
634;71.81372549019608;0.04168820381164551;0.03487062454223633
635;71.81372549019608;0.04142165184020996;0.03495335578918457
636;71.81372549019608;0.03984832763671875;0.035692453384399414
637;71.81372549019608;0.04110383987426758;0.03531026840209961
638;71.81372549019608;0.04013466835021973;0.034902095794677734
639;71.81372549019608;0.0415041446685791;0.03543663024902344
640;71.81372549019608;0.03969264030456543;0.034697532653808594
641;71.81372549019608;0.038973093032836914;0.03554034233093262
642;71.81372549019608;0.040335655212402344;0.035835981369018555
643;71.81372549019608;0.03987932205200195;0.03582572937011719
644;71.81372549019608;0.040753841400146484;0.03484463691711426
645;71.81372549019608;0.04204416275024414;0.03560042381286621
646;71.81372549019608;0.04943394660949707;0.04382205009460449
647;71.81372549019608;0.04203963279724121;0.035010337829589844
648;71.81372549019608;0.03948187828063965;0.03529691696166992
649;71.81372549019608;0.04394102096557617;0.035324811935424805
650;71.81372549019608;0.041860103607177734;0.03521561622619629
651;71.81372549019608;0.0420374870300293;0.03504681587219238
652;71.81372549019608;0.04075479507446289;0.03586268424987793
653;71.81372549019608;0.04175257682800293;0.0356593132019043
654;71.81372549019608;0.04065537452697754;0.03607463836669922
655;71.81372549019608;0.04049086570739746;0.03510451316833496
656;71.81372549019608;0.03809475898742676;0.035762786865234375
657;71.81372549019608;0.03980875015258789;0.03549933433532715
658;71.81372549019608;0.04164624214172363;0.03574323654174805
659;71.56862745098039;0.04083538055419922;0.03556180000305176
660;71.81372549019608;0.039147377014160156;0.03549909591674805
661;71.81372549019608;0.04224848747253418;0.03517413139343262
662;71.81372549019608;0.03988981246948242;0.03520941734313965
663;71.81372549019608;0.04031777381896973;0.035889387130737305
664;71.56862745098039;0.04021024703979492;0.03611493110656738
665;71.56862745098039;0.04189896583557129;0.03577589988708496
666;71.56862745098039;0.04096865653991699;0.03509926795959473
667;71.56862745098039;0.04068398475646973;0.03584909439086914
668;71.56862745098039;0.037828922271728516;0.035134315490722656
669;71.56862745098039;0.039446353912353516;0.03611421585083008
670;71.32352941176471;0.04211711883544922;0.03565239906311035
671;71.32352941176471;0.04162478446960449;0.03632020950317383
672;71.56862745098039;0.04297637939453125;0.03641867637634277
673;71.56862745098039;0.04464101791381836;0.03593111038208008
674;71.56862745098039;0.04342007637023926;0.03624892234802246
675;71.56862745098039;0.0464322566986084;0.03625750541687012
676;71.56862745098039;0.04339742660522461;0.0364224910736084
677;71.56862745098039;0.04615139961242676;0.03663992881774902
678;71.56862745098039;0.045204877853393555;0.03606104850769043
679;71.32352941176471;0.04736900329589844;0.03646349906921387
680;71.32352941176471;0.04437589645385742;0.03602313995361328
681;71.32352941176471;0.04157423973083496;0.03619122505187988
682;71.32352941176471;0.04479694366455078;0.03588604927062988
683;71.32352941176471;0.04409217834472656;0.045539140701293945
684;71.32352941176471;0.0459132194519043;0.03673219680786133
685;71.32352941176471;0.041734933853149414;0.03631782531738281
686;71.32352941176471;0.041855812072753906;0.03696727752685547
687;71.32352941176471;0.04390072822570801;0.03751397132873535
688;71.32352941176471;0.0415806770324707;0.036695241928100586
689;71.32352941176471;0.04344630241394043;0.036873579025268555
690;71.32352941176471;0.04602837562561035;0.03721332550048828
691;71.32352941176471;0.04527568817138672;0.03660082817077637
692;71.32352941176471;0.04570913314819336;0.03676176071166992
693;71.32352941176471;0.04379105567932129;0.04474616050720215
694;71.32352941176471;0.04068183898925781;0.036149024963378906
695;71.32352941176471;0.04061317443847656;0.03575849533081055
696;71.32352941176471;0.04223966598510742;0.036698102951049805
697;71.32352941176471;0.041726112365722656;0.03622102737426758
698;71.32352941176471;0.04215240478515625;0.036086320877075195
699;71.32352941176471;0.04303479194641113;0.03654956817626953
700;71.32352941176471;0.04037785530090332;0.035951852798461914
701;71.32352941176471;0.04386496543884277;0.03678607940673828
702;71.32352941176471;0.04064583778381348;0.03597617149353027
703;71.32352941176471;0.04120206832885742;0.03629302978515625
704;71.32352941176471;0.041838884353637695;0.036945343017578125
705;71.32352941176471;0.039830684661865234;0.03687596321105957
706;71.32352941176471;0.043251991271972656;0.03626108169555664
707;71.32352941176471;0.04344582557678223;0.036112308502197266
708;71.32352941176471;0.04630899429321289;0.03694629669189453
709;71.32352941176471;0.04571366310119629;0.03697848320007324
710;71.56862745098039;0.04436993598937988;0.03697943687438965
711;71.56862745098039;0.04593825340270996;0.03644967079162598
712;71.56862745098039;0.04339003562927246;0.036530494689941406
713;71.56862745098039;0.04586482048034668;0.03690624237060547
714;71.56862745098039;0.04599261283874512;0.036340951919555664
715;71.56862745098039;0.045967817306518555;0.03655242919921875
716;71.56862745098039;0.044561147689819336;0.03677487373352051
717;71.56862745098039;0.045584678649902344;0.03610706329345703
718;71.56862745098039;0.04612612724304199;0.03649592399597168
719;71.56862745098039;0.04569840431213379;0.036292076110839844
720;71.56862745098039;0.04611706733703613;0.037351369857788086
721;71.56862745098039;0.04491925239562988;0.0365757942199707
722;71.56862745098039;0.047629356384277344;0.03696775436401367
723;71.56862745098039;0.04441332817077637;0.03698921203613281
724;71.56862745098039;0.04737210273742676;0.036563873291015625
725;71.32352941176471;0.047075748443603516;0.03742241859436035
726;71.32352941176471;0.04726886749267578;0.03744626045227051
727;71.32352941176471;0.04679989814758301;0.036818504333496094
728;71.32352941176471;0.04775714874267578;0.036843299865722656
729;71.32352941176471;0.04739713668823242;0.037903547286987305
730;71.32352941176471;0.04661417007446289;0.041010379791259766
731;71.56862745098039;0.042969703674316406;0.03614664077758789
732;71.32352941176471;0.04475259780883789;0.03728342056274414
733;71.32352941176471;0.04464411735534668;0.03721022605895996
734;71.56862745098039;0.04444313049316406;0.037277936935424805
735;71.56862745098039;0.04128575325012207;0.03732490539550781
736;71.56862745098039;0.042855024337768555;0.03696250915527344
737;71.56862745098039;0.04432940483093262;0.03653907775878906
738;71.56862745098039;0.04473114013671875;0.04011201858520508
739;71.56862745098039;0.04121518135070801;0.036104679107666016
740;71.56862745098039;0.04312849044799805;0.03641462326049805
741;71.56862745098039;0.04236006736755371;0.03718400001525879
742;71.56862745098039;0.04222249984741211;0.037035465240478516
743;71.56862745098039;0.043337345123291016;0.03663825988769531
744;71.56862745098039;0.04423093795776367;0.037481069564819336
745;71.56862745098039;0.04285836219787598;0.037091970443725586
746;71.56862745098039;0.04293966293334961;0.035324811935424805
747;71.56862745098039;0.04300737380981445;0.04312539100646973
748;71.56862745098039;0.04387617111206055;0.03661632537841797
749;71.56862745098039;0.043874502182006836;0.036985158920288086
750;71.56862745098039;0.04637646675109863;0.0369718074798584
751;71.56862745098039;0.04193449020385742;0.038495779037475586
752;71.56862745098039;0.044359683990478516;0.0367732048034668
753;71.56862745098039;0.044019460678100586;0.03662610054016113
754;71.81372549019608;0.04245781898498535;0.03727865219116211
755;71.81372549019608;0.044016361236572266;0.03723287582397461
756;71.81372549019608;0.043926239013671875;0.036865234375
757;71.81372549019608;0.04271245002746582;0.036356449127197266
758;71.81372549019608;0.04367876052856445;0.03737616539001465
759;71.81372549019608;0.04379105567932129;0.0365900993347168
760;71.81372549019608;0.04255414009094238;0.03705644607543945
761;71.81372549019608;0.04223203659057617;0.036507368087768555
762;71.81372549019608;0.04426765441894531;0.0368192195892334
763;71.81372549019608;0.04683184623718262;0.037474632263183594
764;71.56862745098039;0.046958208084106445;0.03756570816040039
765;71.56862745098039;0.05117654800415039;0.03730177879333496
766;71.32352941176471;0.04346108436584473;0.036039113998413086
767;71.32352941176471;0.04425954818725586;0.03768014907836914
768;71.32352941176471;0.045209646224975586;0.0361018180847168
769;71.32352941176471;0.04451632499694824;0.036375999450683594
770;71.32352941176471;0.04841017723083496;0.03791189193725586
771;71.32352941176471;0.04785895347595215;0.037906646728515625
772;71.32352941176471;0.048035621643066406;0.037381887435913086
773;71.32352941176471;0.04796004295349121;0.03748655319213867
774;71.32352941176471;0.0478968620300293;0.03768420219421387
775;71.32352941176471;0.04647326469421387;0.03821420669555664
776;71.32352941176471;0.04491233825683594;0.03657197952270508
777;71.32352941176471;0.04807090759277344;0.03742814064025879
778;71.32352941176471;0.0549163818359375;0.044091224670410156
779;71.32352941176471;0.04762530326843262;0.03761625289916992
780;70.83333333333333;0.04950714111328125;0.03814816474914551
781;70.83333333333333;0.047777414321899414;0.0369410514831543
782;70.83333333333333;0.04701113700866699;0.03742718696594238
783;70.83333333333333;0.04764962196350098;0.037824153900146484
784;70.83333333333333;0.06169915199279785;0.047991275787353516
785;70.83333333333333;0.047768592834472656;0.03824448585510254
786;70.83333333333333;0.04605507850646973;0.03789091110229492
787;70.83333333333333;0.04713273048400879;0.037540435791015625
788;70.83333333333333;0.04681277275085449;0.037990570068359375
789;70.83333333333333;0.0477299690246582;0.03729963302612305
790;70.83333333333333;0.04875516891479492;0.038336753845214844
791;71.07843137254902;0.04826664924621582;0.03813433647155762
792;71.07843137254902;0.04883623123168945;0.03817343711853027
793;71.07843137254902;0.04862689971923828;0.03869771957397461
794;71.07843137254902;0.047392845153808594;0.03736424446105957
795;71.07843137254902;0.04820656776428223;0.03712964057922363
796;71.07843137254902;0.04906034469604492;0.03812384605407715
797;71.07843137254902;0.04759526252746582;0.03795003890991211
798;71.56862745098039;0.047805070877075195;0.03752398490905762
799;71.56862745098039;0.04798603057861328;0.03774619102478027
800;71.56862745098039;0.04835247993469238;0.03868436813354492
801;71.56862745098039;0.04846549034118652;0.03761601448059082
802;71.56862745098039;0.04736208915710449;0.038510799407958984
803;71.56862745098039;0.04726815223693848;0.04268455505371094
804;71.56862745098039;0.04860520362854004;0.03838300704956055
805;71.56862745098039;0.05376482009887695;0.03917860984802246
806;71.56862745098039;0.048056840896606445;0.03800535202026367
807;71.56862745098039;0.04797816276550293;0.03823208808898926
808;71.56862745098039;0.0487515926361084;0.038590192794799805
809;71.56862745098039;0.04930520057678223;0.037842750549316406
810;71.56862745098039;0.048926591873168945;0.03885221481323242
811;71.56862745098039;0.052086591720581055;0.03919363021850586
812;71.56862745098039;0.04796433448791504;0.03804183006286621
813;71.56862745098039;0.049037933349609375;0.03828883171081543
814;71.56862745098039;0.05130743980407715;0.038358449935913086
815;71.56862745098039;0.04971575736999512;0.0382540225982666
816;71.56862745098039;0.04914426803588867;0.03857421875
817;71.56862745098039;0.049054861068725586;0.03857421875
818;71.56862745098039;0.04712367057800293;0.039324045181274414
819;71.56862745098039;0.04890632629394531;0.03889894485473633
820;71.56862745098039;0.04989957809448242;0.038810014724731445
821;71.56862745098039;0.04925131797790527;0.039867401123046875
822;71.56862745098039;0.04939675331115723;0.038991451263427734
823;71.56862745098039;0.04965639114379883;0.03948616981506348
824;71.56862745098039;0.049361467361450195;0.03885507583618164
825;71.56862745098039;0.04930520057678223;0.038703203201293945
826;71.56862745098039;0.049129486083984375;0.0386049747467041
827;71.56862745098039;0.04942154884338379;0.03905200958251953
828;71.56862745098039;0.04942154884338379;0.03896522521972656
829;71.56862745098039;0.049013376235961914;0.03910326957702637
830;71.56862745098039;0.048770904541015625;0.03865170478820801
831;71.56862745098039;0.05089163780212402;0.03961801528930664
832;71.56862745098039;0.04888010025024414;0.03818559646606445
833;71.56862745098039;0.048501014709472656;0.038398027420043945
834;71.56862745098039;0.049010276794433594;0.03837084770202637
835;71.56862745098039;0.049088239669799805;0.039459228515625
836;71.56862745098039;0.049266815185546875;0.03903460502624512
837;71.56862745098039;0.05021548271179199;0.039476871490478516
838;71.56862745098039;0.05026984214782715;0.03846383094787598
839;71.56862745098039;0.04916572570800781;0.03898191452026367
840;71.56862745098039;0.050043582916259766;0.038896799087524414
841;71.56862745098039;0.049253225326538086;0.03928089141845703
842;71.56862745098039;0.049451589584350586;0.03825712203979492
843;71.56862745098039;0.04893946647644043;0.03841876983642578
844;71.56862745098039;0.050150394439697266;0.03856945037841797
845;71.56862745098039;0.049851179122924805;0.03955554962158203
846;71.56862745098039;0.05088686943054199;0.038013458251953125
847;71.56862745098039;0.05029463768005371;0.03928565979003906
848;71.56862745098039;0.04970073699951172;0.038726806640625
849;71.56862745098039;0.04908323287963867;0.03829193115234375
850;71.56862745098039;0.050015926361083984;0.038570404052734375
851;71.56862745098039;0.05092358589172363;0.0401606559753418
852;71.56862745098039;0.050844430923461914;0.03959989547729492
853;71.56862745098039;0.05039262771606445;0.039864301681518555
854;71.32352941176471;0.05080866813659668;0.03909444808959961
855;71.32352941176471;0.050405025482177734;0.039267539978027344
856;71.32352941176471;0.050125837326049805;0.03964686393737793
857;71.32352941176471;0.05172872543334961;0.0397639274597168
858;71.32352941176471;0.05141615867614746;0.03986930847167969
859;71.32352941176471;0.05019974708557129;0.040051937103271484
860;71.32352941176471;0.051320552825927734;0.03951597213745117
861;71.32352941176471;0.0510256290435791;0.039408206939697266
862;71.32352941176471;0.050264596939086914;0.040154218673706055
863;71.32352941176471;0.05180096626281738;0.03969573974609375
864;71.32352941176471;0.04970049858093262;0.039076805114746094
865;71.32352941176471;0.050567626953125;0.039217233657836914
866;71.32352941176471;0.05150127410888672;0.04026198387145996
867;71.32352941176471;0.05081629753112793;0.039613962173461914
868;71.32352941176471;0.05039215087890625;0.039521217346191406
869;71.32352941176471;0.05189990997314453;0.04112434387207031
870;71.32352941176471;0.05239582061767578;0.04085111618041992
871;71.32352941176471;0.05203509330749512;0.042035579681396484
872;71.07843137254902;0.05181717872619629;0.04218029975891113
873;71.07843137254902;0.05089235305786133;0.03979778289794922
874;71.07843137254902;0.05132246017456055;0.040282249450683594
875;71.07843137254902;0.05128598213195801;0.039873361587524414
876;71.07843137254902;0.0504908561706543;0.03904533386230469
877;71.07843137254902;0.05082821846008301;0.04001641273498535
878;71.07843137254902;0.050704002380371094;0.04006528854370117
879;71.07843137254902;0.051682472229003906;0.040056467056274414
880;71.07843137254902;0.05067324638366699;0.03971576690673828
881;71.07843137254902;0.05036473274230957;0.039200544357299805
882;71.07843137254902;0.05069589614868164;0.0396428108215332
883;71.07843137254902;0.05072951316833496;0.03923630714416504
884;70.83333333333333;0.05080080032348633;0.04026055335998535
885;70.83333333333333;0.05067181587219238;0.03993391990661621
886;70.83333333333333;0.05081963539123535;0.03933835029602051
887;70.83333333333333;0.050936222076416016;0.039633989334106445
888;70.83333333333333;0.05043339729309082;0.03981804847717285
889;70.83333333333333;0.05049252510070801;0.039519548416137695
890;70.83333333333333;0.05098462104797363;0.04146218299865723
891;70.83333333333333;0.050553083419799805;0.03971409797668457
892;70.83333333333333;0.0508115291595459;0.03979039192199707
893;70.83333333333333;0.051290035247802734;0.03940463066101074
894;70.83333333333333;0.04856562614440918;0.03953218460083008
895;70.83333333333333;0.05054116249084473;0.039823293685913086
896;70.83333333333333;0.05182385444641113;0.0403900146484375
897;70.83333333333333;0.051227569580078125;0.039733171463012695
898;70.83333333333333;0.05097842216491699;0.039649248123168945
899;70.83333333333333;0.05069708824157715;0.04065704345703125
900;70.83333333333333;0.05089855194091797;0.03996872901916504
901;71.07843137254902;0.05232715606689453;0.03995370864868164
902;71.32352941176471;0.05094027519226074;0.039661407470703125
903;71.32352941176471;0.05106616020202637;0.03994178771972656
904;71.32352941176471;0.05157303810119629;0.04007411003112793
905;71.32352941176471;0.05433511734008789;0.03981900215148926
906;71.32352941176471;0.0513613224029541;0.03969311714172363
907;71.07843137254902;0.05204415321350098;0.04037284851074219
908;71.07843137254902;0.05112767219543457;0.03950357437133789
909;71.07843137254902;0.05092573165893555;0.03962874412536621
910;71.07843137254902;0.051077842712402344;0.03928875923156738
911;71.07843137254902;0.05126333236694336;0.03989124298095703
912;71.07843137254902;0.05115199089050293;0.0395660400390625
913;71.07843137254902;0.05392861366271973;0.03965115547180176
914;71.07843137254902;0.052309274673461914;0.04034090042114258
915;71.07843137254902;0.051389455795288086;0.040648460388183594
916;71.07843137254902;0.051917076110839844;0.03997611999511719
917;71.07843137254902;0.05163741111755371;0.04051804542541504
918;71.07843137254902;0.05189800262451172;0.03918194770812988
919;71.07843137254902;0.05038952827453613;0.03956031799316406
920;71.07843137254902;0.05455470085144043;0.040524959564208984
921;71.07843137254902;0.052507638931274414;0.04255342483520508
922;71.07843137254902;0.052675724029541016;0.041338443756103516
923;71.07843137254902;0.053180694580078125;0.04165172576904297
924;71.07843137254902;0.05406379699707031;0.04098916053771973
925;71.07843137254902;0.053984880447387695;0.04300808906555176
926;71.07843137254902;0.05229330062866211;0.04148292541503906
927;71.07843137254902;0.05365920066833496;0.04225420951843262
928;71.07843137254902;0.05330657958984375;0.0421450138092041
929;71.07843137254902;0.05231356620788574;0.042452096939086914
930;71.07843137254902;0.05273938179016113;0.04105401039123535
931;71.07843137254902;0.05233597755432129;0.04047250747680664
932;71.07843137254902;0.05245614051818848;0.04097461700439453
933;71.07843137254902;0.052644968032836914;0.04082822799682617
934;71.07843137254902;0.05275988578796387;0.0410771369934082
935;71.07843137254902;0.05308341979980469;0.04113960266113281
936;71.07843137254902;0.05226898193359375;0.040891408920288086
937;71.07843137254902;0.05255627632141113;0.041022539138793945
938;71.07843137254902;0.05305957794189453;0.040299177169799805
939;71.07843137254902;0.05282998085021973;0.04118514060974121
940;71.07843137254902;0.05267500877380371;0.04046368598937988
941;71.07843137254902;0.052065372467041016;0.040529489517211914
942;71.07843137254902;0.05280923843383789;0.04051661491394043
943;71.07843137254902;0.05270957946777344;0.041283369064331055
944;71.07843137254902;0.0525057315826416;0.04126310348510742
945;71.07843137254902;0.05256199836730957;0.041362762451171875
946;71.07843137254902;0.05268526077270508;0.040673017501831055
947;71.07843137254902;0.05253720283508301;0.04157567024230957
948;71.07843137254902;0.05259895324707031;0.04063057899475098
949;71.07843137254902;0.05238676071166992;0.040796756744384766
950;71.07843137254902;0.05217862129211426;0.04055523872375488
951;71.07843137254902;0.05410647392272949;0.041333675384521484
952;71.07843137254902;0.052718400955200195;0.04075288772583008
953;71.07843137254902;0.05240821838378906;0.04162096977233887
954;71.07843137254902;0.05297708511352539;0.04146289825439453
955;71.07843137254902;0.05244088172912598;0.04096221923828125
956;71.07843137254902;0.054059743881225586;0.040834665298461914
957;71.07843137254902;0.051516056060791016;0.040808677673339844
958;71.07843137254902;0.052771568298339844;0.040827274322509766
959;71.07843137254902;0.053040504455566406;0.0415036678314209
960;71.07843137254902;0.051572561264038086;0.04099631309509277
961;71.07843137254902;0.05455446243286133;0.04222822189331055
962;71.07843137254902;0.05312299728393555;0.04092240333557129
963;71.07843137254902;0.05297994613647461;0.04060244560241699
964;71.07843137254902;0.0532228946685791;0.041089534759521484
965;71.07843137254902;0.05362129211425781;0.04138350486755371
966;71.07843137254902;0.05283331871032715;0.04094409942626953
967;71.07843137254902;0.05323910713195801;0.04099845886230469
968;71.07843137254902;0.05298209190368652;0.04023313522338867
969;71.07843137254902;0.053072452545166016;0.04080629348754883
970;71.07843137254902;0.05247020721435547;0.04098105430603027
971;71.07843137254902;0.05305767059326172;0.03987884521484375
972;71.07843137254902;0.05367684364318848;0.040982961654663086
973;71.07843137254902;0.0532684326171875;0.04131031036376953
974;71.07843137254902;0.053526878356933594;0.04232645034790039
975;71.07843137254902;0.053267717361450195;0.04113936424255371
976;71.07843137254902;0.05373406410217285;0.04124188423156738
977;71.07843137254902;0.053980112075805664;0.040674448013305664
978;71.07843137254902;0.05272936820983887;0.040991783142089844
979;71.07843137254902;0.05281567573547363;0.041642189025878906
980;71.07843137254902;0.05389523506164551;0.04203224182128906
981;71.07843137254902;0.05339860916137695;0.04058074951171875
982;71.07843137254902;0.0537266731262207;0.04078984260559082
983;71.07843137254902;0.05269956588745117;0.04112076759338379
984;71.07843137254902;0.0532228946685791;0.04077935218811035
985;71.07843137254902;0.052727699279785156;0.04062008857727051
986;71.07843137254902;0.05285167694091797;0.04006338119506836
987;71.07843137254902;0.053760528564453125;0.042058706283569336
988;71.07843137254902;0.053905487060546875;0.04140901565551758
989;71.07843137254902;0.05362653732299805;0.04120492935180664
990;71.07843137254902;0.05402350425720215;0.04072260856628418
991;71.07843137254902;0.053193092346191406;0.040726661682128906
992;71.07843137254902;0.05295252799987793;0.04091048240661621
993;71.07843137254902;0.05391955375671387;0.04148077964782715
994;71.07843137254902;0.054236650466918945;0.040884971618652344
995;71.07843137254902;0.0539090633392334;0.04117989540100098
996;71.07843137254902;0.05365276336669922;0.04116487503051758
997;71.07843137254902;0.05378222465515137;0.04164838790893555
998;71.07843137254902;0.053589582443237305;0.041629791259765625
999;71.07843137254902;0.05324363708496094;0.041469573974609375
1000;71.07843137254902;0.05329298973083496;0.041040658950805664
1001;71.07843137254902;0.05186605453491211;0.04086160659790039
1002;71.07843137254902;0.054410457611083984;0.04197502136230469
1003;71.07843137254902;0.05349469184875488;0.04095959663391113
1004;71.07843137254902;0.053468942642211914;0.04170393943786621
1005;71.07843137254902;0.054169654846191406;0.04196524620056152
1006;71.07843137254902;0.05451011657714844;0.042305707931518555
1007;71.07843137254902;0.05454206466674805;0.042336463928222656
1008;71.07843137254902;0.0538172721862793;0.04148721694946289
1009;71.07843137254902;0.054108381271362305;0.04186677932739258
1010;71.07843137254902;0.05488085746765137;0.04259085655212402
1011;71.07843137254902;0.05366086959838867;0.04124593734741211
1012;71.07843137254902;0.05681943893432617;0.04123568534851074
1013;71.07843137254902;0.0543217658996582;0.041522979736328125
1014;71.07843137254902;0.05533790588378906;0.0424807071685791
1015;71.07843137254902;0.05360913276672363;0.041944026947021484
1016;71.07843137254902;0.05443096160888672;0.041869163513183594
1017;71.07843137254902;0.053464412689208984;0.041506290435791016
1018;71.07843137254902;0.054457664489746094;0.04182624816894531
1019;71.32352941176471;0.0538792610168457;0.04202914237976074
1020;71.32352941176471;0.05272221565246582;0.04154801368713379
1021;71.32352941176471;0.05521821975708008;0.04259133338928223
1022;71.32352941176471;0.053749799728393555;0.04278373718261719
1023;71.32352941176471;0.054552316665649414;0.04257345199584961
1024;71.32352941176471;0.05285048484802246;0.040448904037475586
1025;71.32352941176471;0.053963422775268555;0.04230761528015137
1026;71.32352941176471;0.053869009017944336;0.042145729064941406
1027;71.32352941176471;0.05355381965637207;0.041562795639038086
1028;71.32352941176471;0.05492544174194336;0.04276132583618164
1029;71.32352941176471;0.052840471267700195;0.04182696342468262
1030;71.32352941176471;0.05261540412902832;0.04128718376159668
1031;71.32352941176471;0.05361294746398926;0.04184722900390625
1032;71.32352941176471;0.05428743362426758;0.04191136360168457
1033;71.32352941176471;0.05484747886657715;0.04245901107788086
1034;71.32352941176471;0.05406379699707031;0.04200148582458496
1035;71.32352941176471;0.05406975746154785;0.04185342788696289
1036;71.32352941176471;0.05374598503112793;0.042876482009887695
1037;71.32352941176471;0.055933475494384766;0.04266762733459473
1038;71.32352941176471;0.054830312728881836;0.042574167251586914
1039;71.32352941176471;0.05458378791809082;0.042612314224243164
1040;71.32352941176471;0.05504417419433594;0.042737483978271484
1041;71.32352941176471;0.054521799087524414;0.042604684829711914
1042;71.32352941176471;0.05426764488220215;0.04214930534362793
1043;71.32352941176471;0.054078102111816406;0.04279446601867676
1044;71.32352941176471;0.05449056625366211;0.042067766189575195
1045;71.32352941176471;0.05498075485229492;0.04238533973693848
1046;71.32352941176471;0.05806732177734375;0.04240298271179199
1047;71.32352941176471;0.05410933494567871;0.04175305366516113
1048;71.32352941176471;0.05380702018737793;0.04146862030029297
1049;71.32352941176471;0.052529335021972656;0.04392290115356445
1050;71.32352941176471;0.05282425880432129;0.04229998588562012
1051;71.32352941176471;0.05488181114196777;0.04262089729309082
1052;71.32352941176471;0.05491018295288086;0.0427556037902832
1053;71.32352941176471;0.05491805076599121;0.0424039363861084
1054;71.32352941176471;0.05563926696777344;0.042906761169433594
1055;71.32352941176471;0.05502152442932129;0.04230475425720215
1056;71.32352941176471;0.055295467376708984;0.04327392578125
1057;71.32352941176471;0.055376291275024414;0.04285168647766113
1058;71.32352941176471;0.05518293380737305;0.043204545974731445
1059;71.32352941176471;0.055402517318725586;0.04289603233337402
1060;71.32352941176471;0.05510568618774414;0.0426480770111084
1061;71.32352941176471;0.05462002754211426;0.04212355613708496
1062;71.32352941176471;0.05466914176940918;0.04292416572570801
1063;71.32352941176471;0.05519890785217285;0.04288911819458008
1064;71.32352941176471;0.054486751556396484;0.04222226142883301
1065;71.32352941176471;0.05528092384338379;0.04325985908508301
1066;71.32352941176471;0.05524015426635742;0.0432736873626709
1067;71.32352941176471;0.055559635162353516;0.04332423210144043
1068;71.32352941176471;0.05610060691833496;0.04399538040161133
1069;71.32352941176471;0.054527997970581055;0.043253183364868164
1070;71.32352941176471;0.05491304397583008;0.04343748092651367
1071;71.32352941176471;0.05499982833862305;0.043508052825927734
1072;71.32352941176471;0.05903267860412598;0.0435938835144043
1073;71.32352941176471;0.05572700500488281;0.0436251163482666
1074;71.32352941176471;0.055074453353881836;0.04314899444580078
1075;71.32352941176471;0.0553133487701416;0.04361128807067871
1076;71.32352941176471;0.05551457405090332;0.04354453086853027
1077;71.32352941176471;0.05550122261047363;0.04402494430541992
1078;71.32352941176471;0.07553696632385254;0.0446629524230957
